Input	Result_address	GPS-north-lat	GPS-East-long	Eastings	Northings
B61 0EX	B61 0EX	52.353817	-2.048518	396792	272861
B98 7WG	B98 7WG	52.281409	-1.911185	406156	264811
WR3 8AJ	WR3 8AJ	52.20667	-2.225751	384670	256518
WR5 1JG	WR5 1JG	52.192425	-2.183119	387579	254924
HR1 2ER	HR1 2ER	52.057013	-2.705709	351710	240083
HR4 0AY	HR4 0AY	52.053644	-2.722968	350509	239716
PO4 8FE	PO4 8FE	50.796107	-1.045439	467372	100050
PO4 8FE	PO4 8FE	50.796107	-1.045439	467372	100050
PO30 1JW	PO30 1JW	50.699621	-1.291519	450131	89127
PO36 9EA	PO36 9EA	50.651338	-1.162631	459294	83853
SS4 1RB	SS4 1RB	51.583955	0.702782	587349	190694
LU4 0FB	LU4 0FB	51.897411	-0.474726	505047	223195
SS16 5NL	SS16 5NL	51.558437	0.451767	570054	187243
CM1 7LF	CM1 7LF	51.776433	0.46093	569874	211505
CO4 0HF	CO4 0HF	51.912379	0.928831	601540	227814
CO4 5JY	CO4 5JY	51.912323	0.902188	599706	227733
CO4 5JL	CO4 5JL	51.910164	0.899182	599511	227486
SS6 9RN	SS6 9RN	51.605211	0.596558	579905	192790
SS0 7DB	SS0 7DB	51.543745	0.699633	587296	186215
SS11 7FE	SS11 7FE	51.630994	0.539593	575863	195519
CM20 1QX	CM20 1QX	51.771529	0.085457	543989	210152
CO4 5HG	CO4 5HG	51.918341	0.896204	599270	228387
MK43 8HJ	MK43 8HJ	52.153026	-0.54986	499309	251517
TN12 0ER	TN12 0ER	51.148232	0.555465	578831	141879
IG3 8XQ	IG3 8XQ	51.572927	0.110712	546435	188039
E11 1NU	E11 1NU	51.576895	0.005568	539070	188353
L26 9UH	L26 9UH	53.359024	-2.82558	345152	384999
L22 0LG	L22 0LG	53.475236	-3.021503	332298	398096
S20 1NZ	S20 1NZ	53.344363	-1.349358	443415	383247
BH13 7LN	BH13 7LN	50.699151	-1.928109	405173	88838
BH4 8EW	BH4 8EW	50.716727	-1.904421	406844	90793
BH10 4EU	BH10 4EU	50.749487	-1.894489	407540	94437
BH21 1SF	BH21 1SF	50.787013	-1.972009	402069	98606
BH17 8WG	BH17 8WG	50.747488	-1.967823	402366	94211
DT2 9TB	DT2 9TB	50.754327	-2.453341	368117	95068
DT1 2ER	DT1 2ER	50.706052	-2.444546	368705	89697
LS2 9LN	LS2 9LN	53.804078	-1.558852	429151	434288
LS14 6UH	LS14 6UH	53.80659	-1.470904	434941	434607
LS14 1PP	LS14 1PP	53.821953	-1.48024	434314	436310
LS1 3EX	LS1 3EX	53.801445	-1.551744	429621	433998
LS9 7BE	LS9 7BE	53.807059	-1.523216	431496	434633
LS12 2HE	LS12 2HE	53.799299	-1.590026	427101	433744
YO30 5RA	YO30 5RA	53.978528	-1.113558	458235	453969
YO32 9QA	YO32 9QA	53.992863	-1.062614	461555	455607
TA2 7AZ	TA2 7AZ	51.032894	-3.101928	322828	126526
TA2 7AU	TA2 7AU	51.032449	-3.101433	322862	126476
BA20 2BX	BA20 2BX	50.946541	-2.648116	354565	116545
TA2 7AZ	TA2 7AZ	51.032894	-3.101928	322828	126526
TA6 5YA	not found	0	0	0	0
BA5 1TH	BA5 1TH	51.202969	-2.655806	354279	145067
DN22 0PD	DN22 0PD	53.290647	-0.838941	477493	377702
LE5 0LE	LE5 0LE	52.648673	-1.093765	461408	306043
NG17 4JT	NG17 4JT	53.13471	-1.23809	451071	359997
NG18 5QJ	NG18 5QJ	53.141379	-1.206279	453191	360762
NG5 3FL	NG5 3FL	52.990047	-1.141793	457706	343977
NG3 3AA	NG3 3AA	52.973168	-1.123992	458924	342116
NG6 9DR	NG6 9DR	52.993059	-1.191851	454342	344273
NG3 2PY	NG3 2PY	52.967079	-1.123219	458984	341437
NG4 3HS	NG4 3HS	52.975002	-1.08114	461799	342356
S63 7TQ	S63 7TQ	53.490957	-1.342355	443731	399562
NG18 4GW	NG18 4GW	53.125014	-1.150946	456914	358986
PL31 2QN	PL31 2QN	50.471755	-4.740857	205607	67139
TR15 3ER	TR15 3ER	50.229381	-5.244376	168705	41636
TW3 3EL	TW3 3EL	51.468263	-0.371755	513196	175623
W13 8RA	W13 8RA	51.51174	-0.315039	517024	180547
W3 8NJ	W3 8NJ	51.504322	-0.269253	520219	179796
TW7 6AF	TW7 6AF	51.473648	-0.324434	516469	176296
W5 2PJ	W5 2PJ	51.514316	-0.300344	518027	180854
TW10 7JF	TW10 7JF	51.432912	-0.3081	517708	171792
RG45 7EG	RG45 7EG	51.369086	-0.781	484954	164041
UB2 4AU	UB2 4AU	51.504985	-0.377434	512711	179698
UB1 3EU	UB1 3EU	51.506667	-0.349737	514629	179928
W7 3HL	W7 3HL	51.510226	-0.335493	515607	180346
W6 8LN	W6 8LN	51.48685	-0.217768	523841	177939
W6 8NF	W6 8NF	51.486405	-0.217416	523865	177890
W6 8QZ	W6 8QZ	51.484686	-0.219754	523709	177695
W6 0LS	W6 0LS	51.494613	-0.22863	523066	178784
UB2 4SA	not found	0	0	0	0
ST2  8LD	not found	0	0	0	0
ST1 4ND	ST1 4ND	53.016902	-2.182605	387847	346638
ST5 7HL	ST5 7HL	53.043949	-2.251838	383213	349659
ST3 4LR	ST3 4LR	52.979033	-2.132641	391191	342416
ST5 7NJ	ST5 7NJ	53.039004	-2.239118	384064	349106
ST13 7ED	ST13 7ED	53.074197	-2.041439	397321	352997
ST4 7LF	ST4 7LF	53.00244	-2.19804	386807	345030
ST6 5UD	ST6 5UD	53.063325	-2.208139	386149	351807
ST4 6RR	ST4 6RR	53.00054	-2.210831	385948	344821
ST1 2BX	ST1 2BX	53.027724	-2.170945	388632	347838
NR6 5BE	NR6 5BE	52.659531	1.250872	619952	311828
NR2 3TD	NR2 3TD	52.633009	1.262597	620877	308912
NR30 1BU	NR30 1BU	52.616934	1.730032	652590	308660
NR7 0HT	NR7 0HT	52.629789	1.368574	628063	308884
NR33 8AG	NR33 8AG	52.453303	1.696747	651272	290355
NR32 1PH	NR32 1PH	52.477879	1.751754	654866	293280
NR1 3RE	NR1 3RE	52.622241	1.288353	622674	307794
NR2 4HN	NR2 4HN	52.637446	1.270047	621360	309431
NR18 0WF	NR18 0WF	52.578311	1.14155	612953	302466
CB8 7JG	CB8 7JG	52.250892	0.399994	563928	264126
IP1 2BU	IP1 2BU	52.057224	1.146599	615817	244544
IP13 0TA	IP13 0TA	52.157464	1.363981	630199	256357
	not found	0	0	0	0
IP4 5PD	IP4 5PD	52.056849	1.197915	619336	244656
IP33 2QZ	IP33 2QZ	52.231662	0.709176	585110	262732
IP3 8LS	IP3 8LS	52.050631	1.192627	619002	243947
IP14 1RF	not found	0	0	0	0
IP1 2BX	IP1 2BX	52.054188	1.143672	615629	244196
IP3 8LS	IP3 8LS	52.050631	1.192627	619002	243947
IP3 8XL	IP3 8XL	52.049877	1.194558	619138	243869
PE30 5PD	PE30 5PD	52.748033	0.408738	562680	319433
HP11 1NH	HP11 1NH	51.628399	-0.743839	487046	192923
OX4 4XN	OX4 4XN	51.717422	-1.229479	453327	202358
OX3 7JX	OX3 7JX	51.750841	-1.22232	453782	206080
OX3 7JU	OX3 7JU	51.749654	-1.214213	454343	205954
OX4 4XN	OX4 4XN	51.717422	-1.229479	453327	202358
MK6 5NG	MK6 5NG	52.026384	-0.73576	486836	237194
SN1 4JS	SN1 4JS	51.550161	-1.797294	414152	183494
OX26 6DU	OX26 6DU	51.897252	-1.158213	458018	222412
OX11 0AG	OX11 0AG	51.604427	-1.260127	451337	189769
OX10 9DU	OX10 9DU	51.594677	-1.128273	460480	188785
OX28 6JJ	OX28 6JJ	51.787407	-1.489856	435285	209984
OX14 1AG	OX14 1AG	51.670023	-1.301891	448375	197036
HP20 1EG	HP20 1EG	51.820414	-0.80254	482631	214209
NN5 6GQ	NN5 6GQ	52.244947	-0.960883	471044	261260
NN5 6UH	NN5 6UH	52.262629	-0.956734	471298	263229
NG31 9DF	NG31 9DF	52.911902	-0.6308	492172	335819
NG31 9DF	NG31 9DF	52.911902	-0.6308	492172	335819
DN21 2DZ	DN21 2DZ	53.39727	-0.775223	481537	389634
LN11 0YJ	LN11 0YJ	53.374514	-0.010598	532445	388250
LN1 1EQ	LN1 1EQ	53.246192	-0.56079	496133	373094
LN2 4WA	LN2 4WA	53.241505	-0.507074	499728	372646
LN6 8UZ	LN6 8UZ	53.185687	-0.576435	495223	366345
PE21 0AX	PE21 0AX	52.96978	0.001874	534534	343255
PE25 2JA	PE25 2JA	53.150528	0.317995	555112	363995
LN2 5QY	LN2 5QY	53.233575	-0.519635	498908	371749
LN2 5QY	LN2 5QY	53.233575	-0.519635	498908	371749
LN1 1EJ	LN1 1EJ	53.243446	-0.5582	496312	372792
PE21 9QS	PE21 9QS	52.991125	-0.009968	533673	345607
NG31 8DG	NG31 8DG	52.921087	-0.640714	491486	336828
NG34 8QA	NG34 8QA	52.982469	-0.455536	503788	343905
NG31 9DF	NG31 9DF	52.911902	-0.6308	492172	335819
DN34 4GB	DN34 4GB	53.564436	-0.112579	525102	409192
NG31 9DF	NG31 9DF	52.911902	-0.6308	492172	335819
PE9 1UN	PE9 1UN	52.657893	-0.468441	503691	307786
PE21 8EG	PE21 8EG	52.975942	-0.033522	532138	343872
LN5 7RZ	LN5 7RZ	53.222581	-0.541944	497444	370493
DA2 7WG	DA2 7WG	51.434795	0.174741	551263	172887
BR6 8NY	BR6 8NY	51.366071	0.056668	543271	165008
SE18 4QH	SE18 4QH	51.478193	0.050043	542461	177463
SE7 8JH	SE7 8JH	51.483451	0.035256	541418	178019
SE18 6PZ	SE18 6PZ	51.49221	0.061519	543214	179044
DA6 8DX	DA6 8DX	51.457638	0.13208	548224	175340
SE9 1TJ	SE9 1TJ	51.450922	0.055499	542925	174441
BR3 3QL	BR3 3QL	51.405232	-0.033209	536898	169191
B13 8QE	B13 8QE	52.440021	-1.89826	407013	282455
TW11 0LR	TW11 0LR	51.424964	-0.340261	515491	170857
SW17 7DJ	SW17 7DJ	51.437358	-0.172348	527130	172513
KT6 7QU	KT6 7QU	51.379085	-0.288494	519209	165838
SW15 4AA	SW15 4AA	51.448266	-0.237533	522572	173615
TW11 8QL	TW11 8QL	51.431345	-0.340009	515494	171567
CR4 4TP	CR4 4TP	51.397252	-0.163262	527875	168069
TW1 3PA	TW1 3PA	51.449369	-0.325697	516443	173594
SM6 0EX	SM6 0EX	51.357354	-0.150251	528892	163655
RM17 5HJ	RM17 5HJ	51.479439	0.325883	561610	178174
ST16 3NE	ST16 3NE	52.813001	-2.115414	392318	323946
ST16 3AG	ST16 3AG	52.810983	-2.110513	392648	323721
WS11 1JN	WS11 1JN	52.691092	-2.032447	397904	310379
DE14 1JS	DE14 1JS	52.80401	-1.628868	425117	323002
TF9 3DQ	TF9 3DQ	52.90176	-2.487914	367278	333925
WV16 4EN	WV16 4EN	52.537874	-2.422947	371410	293419
SY1 4RQ	SY1 4RQ	52.728047	-2.721619	351364	314732
RM17 6NB	RM17 6NB	51.477404	0.323317	561439	177942
WS11 1GR	WS11 1GR	52.688582	-2.032336	397911	310098
WS11 4NJ	WS11 4NJ	52.710493	-2.02663	398298	312537
SY3 8DS	SY3 8DS	52.710406	-2.797736	346202	312824
TF3 4NF	TF3 4NF	52.679802	-2.449875	369672	309221
HA8 0AD	HA8 0AD	51.606478	-0.271248	519812	191153
EN2 8JL	EN2 8JL	51.666528	-0.104009	531219	198118
N15 3TH	N15 3TH	51.580628	-0.092071	532294	188587
NW9 5DH	NW9 5DH	51.597341	-0.253166	521090	190167
N13 4BS	N13 4BS	51.622666	-0.105304	531255	193236
CB21 5EF	CB21 5EF	52.184505	0.188329	549702	256284
CB21 5EE	not found	0	0	0	0
CB2  2AH	not found	0	0	0	0
CB1 2DP	CB1 2DP	52.196231	0.134852	546008	257479
PE29 3RJ	PE29 3RJ	52.331711	-0.179028	524180	271963
CB2 0QQ	CB2 0QQ	52.173741	0.139114	546375	254988
PE3 9GZ	PE3 9GZ	52.583921	-0.279386	516674	299847
CB4 1PR	CB4 1PR	52.217681	0.137829	546143	259872
BL9 7TD	BL9 7TD	53.600439	-2.25562	383181	411570
OL6 9RW	OL6 9RW	53.49153	-2.071433	395358	399427
OL1 2PN	OL1 2PN	53.550382	-2.129113	391543	405980
OL12 9QB	OL12 9QB	53.640264	-2.121386	392072	415979
SK2 7JE	SK2 7JE	53.383778	-2.13202	391316	387445
OL1 1SP	OL1 1SP	53.541747	-2.108413	392913	405017
SK8 2JF	SK8 2JF	53.389173	-2.190632	387419	388054
OL11 3EU	OL11 3EU	53.6017	-2.175555	388480	411696
OL6 6QQ	OL6 6QQ	53.487692	-2.085337	394435	399001
OL4 5PP	OL4 5PP	53.533292	-2.066282	395704	404071
SK1 3QD	SK1 3QD	53.402212	-2.154772	389807	389497
OL4 1DP	OL4 1DP	53.540009	-2.100032	393468	404821
BL9 0JT	BL9 0JT	53.594992	-2.294795	380586	410974
M26 2QD	M26 2QD	53.565754	-2.309285	379613	407727
OL4 1DE	OL4 1DE	53.540503	-2.100908	393410	404876
OL10 3RY	OL10 3RY	53.587888	-2.241075	384139	410172
SK4 1QQ	SK4 1QQ	53.416886	-2.165133	389122	391133
OL6 7SR	OL6 7SR	53.485827	-2.099981	393463	398793
SK15 2AU	SK15 2AU	53.484668	-2.059094	396176	398661
BL9 0EQ	BL9 0EQ	53.59034	-2.294055	380633	410458
SK16 4XE	SK16 4XE	53.466849	-2.093565	393886	396681
SK1 3XE	SK1 3XE	53.405974	-2.158487	389561	389918
LE3 9EJ	LE3 9EJ	52.653293	-1.180245	455552	306489
LE3 9QP	LE3 9QP	52.654362	-1.180018	455566	306608
LE3 0QU	LE3 0QU	52.630096	-1.157925	457092	303926
LE10 1DS	LE10 1DS	52.541052	-1.367743	442977	293874
LE67 4DE	LE67 4DE	52.722883	-1.349847	444009	314113
LE3 9DZ	LE3 9DZ	52.655637	-1.182404	455403	306748
LE5 0LE	LE5 0LE	52.648673	-1.093765	461408	306043
LE18 2LA	LE18 2LA	52.581525	-1.10664	460630	298565
LE19 4LN	LE19 4LN	52.582785	-1.213469	453390	298621
LE3 9EJ	LE3 9EJ	52.653293	-1.180245	455552	306489
LE5 4QF	LE5 4QF	52.630611	-1.085532	461991	304043
LE3 9DZ	LE3 9DZ	52.655637	-1.182404	455403	306748
LE7 7GX	LE7 7GX	52.66312	-1.176255	455809	307583
LE7 7GX	LE7 7GX	52.66312	-1.176255	455809	307583
GL53 9DZ	GL53 9DZ	51.881059	-2.073674	395025	220279
GL1 3PX	GL1 3PX	51.865641	-2.226895	384473	218586
GL51 9EZ	GL51 9EZ	51.907378	-2.082453	394424	223207
GL50 4NB	not found	0	0	0	0
NW10 7NS	NW10 7NS	51.530936	-0.269161	520157	182756
W10 6DZ	W10 6DZ	51.522362	-0.217218	523783	181889
W8 5LW	W8 5LW	51.496694	-0.191615	525628	179078
SW10 9NG	SW10 9NG	51.484323	-0.180246	526453	177722
SW1V 2RH	SW1V 2RH	51.492338	-0.135789	529517	178691
KT19 7HA	KT19 7HA	51.345115	-0.285016	519541	162066
HA2 0UE	HA2 0UE	51.56732	-0.363104	513549	186652
HA1 3QF	HA1 3QF	51.560505	-0.333896	515592	185940
HA1 3UJ	HA1 3UJ	51.575407	-0.322037	516376	187616
W9 2BA	W9 2BA	51.522829	-0.200075	524971	181970
UB8 3NN	UB8 3NN	51.526077	-0.461175	506850	181918
NW9 9QY	NW9 9QY	51.590203	-0.281894	519118	189326
W8 5LW	W8 5LW	51.496694	-0.191615	525628	179078
MK2 3QH	MK2 3QH	51.979909	-0.72598	487599	232038
MK6 5LD	MK6 5LD	52.026384	-0.73576	486836	237194
MK3 6EN	MK3 6EN	51.997414	-0.747638	486078	233959
SE6 4RU	SE6 4RU	51.445254	-0.020152	537684	173666
SE5 7UD	SE5 7UD	51.474172	-0.083801	533177	176764
SE13 6QJ	SE13 6QJ	51.454527	-0.014912	538022	174707
CR0 2PR	CR0 2PR	51.38977	-0.105034	531947	167340
BR1 5PS	BR1 5PS	51.427111	0.003952	539416	171694
SE1 8EL	SE1 8EL	51.499819	-0.104208	531686	179579
CR0 1QG	CR0 1QG	51.370186	-0.099665	532377	165172
SW9 9NU	SW9 9NU	51.465315	-0.122249	530534	175710
SE5 8AZ	SE5 8AZ	51.468738	-0.091441	532664	176146
BR3 3BX	BR3 3BX	51.377782	-0.029228	537255	166146
SE13 6LH	SE13 6LH	51.453022	-0.017916	537816	174534
SE11 6JJ	SE11 6JJ	51.490072	-0.115474	530932	178475
SW9 7AA	SW9 7AA	51.468543	-0.113233	531151	176085
SE5 8RS	SE5 8RS	51.471845	-0.092754	532562	176489
SE1 3SU	SE1 3SU	51.502516	-0.084773	533027	179914
SE13 7DW	SE13 7DW	51.46526	-0.007204	538525	175915
CR8 2NE	CR8 2NE	51.341123	-0.114766	531409	161913
SE8 4AT	SE8 4AT	51.475801	-0.026966	537119	177050
SW9 8DG	SW9 8DG	51.462065	-0.116984	530909	175358
SW9 6AA	SW9 6AA	51.469545	-0.112961	531167	176197
HU3 2HE	HU3 2HE	53.739152	-0.352085	508830	428309
HU13 9NW	HU13 9NW	53.725758	-0.418224	504462	426643
HU6 8QA	HU6 8QA	53.769799	-0.374882	507209	431609
HU3 5QE	HU3 5QE	53.742011	-0.384658	506635	428503
HU9 2BH	HU9 2BH	53.749959	-0.308347	511647	429502
HU8 0RB	HU8 0RB	53.773597	-0.286622	513016	432166
HU16 5JQ	HU16 5JQ	53.776733	-0.444985	502572	432277
HU3 2RT	HU3 2RT	53.744358	-0.362201	508110	428798
HU10 6ED	HU10 6ED	53.771873	-0.449206	502306	431728
BA1 3QE	BA1 3QE	51.388604	-2.392313	372798	165580
BS10 5NB	BS10 5NB	51.494806	-2.591016	359067	177484
BS16 2EW	BS16 2EW	51.483145	-2.538833	362680	176159
BS23 4TQ	BS23 4TQ	51.322335	-2.971399	332406	158585
BS24 7AY	BS24 7AY	51.352896	-2.913612	336475	161932
BS15 3HY	BS15 3HY	51.443583	-2.512007	364512	171746
SN10 5DS	SN10 5DS	51.33915	-1.981303	401399	160007
SN3 4WF	SN3 4WF	51.587246	-1.747839	417566	187629
SP2 7EP	SP2 7EP	51.072496	-1.809038	413475	130370
SN3 6BW	SN3 6BW	51.538805	-1.725917	419105	182247
BS16 1EG	BS16 1EG	51.484598	-2.537367	362783	176320
BS4 5BJ	BS4 5BJ	51.431265	-2.557555	361336	170399
TN23 4RR	TN23 4RR	51.145807	0.845744	599141	142355
SO14 0YG	SO14 0YG	50.912381	-1.397067	442484	112720
PO9 2AW	PO9 2AW	50.858014	-0.978633	471984	106998
SO22 5DL	SO22 5DL	51.0623	-1.330817	446991	129431
SO21 1HL	SO21 1HL	51.062133	-1.250721	452603	129467
SO40 2RA	SO40 2RA	50.924721	-1.517868	433983	114029
SO15 2JX	SO15 2JX	50.920496	-1.406731	441798	113616
PO17 5NA	PO17 5NA	50.883695	-1.199681	456396	109661
SO40 2RZ	SO40 2RZ	50.9313	-1.530052	433122	114755
SO40 2TA	SO40 2TA	50.931614	-1.52541	433448	114792
RG24 9RH	RG24 9RH	51.282738	-1.112358	462004	154107
PO9 2JJ	PO9 2JJ	50.856522	-0.975584	472202	106834
SO40 2RZ	SO40 2RZ	50.9313	-1.530052	433122	114755
WA9 3DA	WA9 3DA	53.439528	-2.718901	352342	393880
WA2 8WA	WA2 8WA	53.429516	-2.606862	359775	392697
L35 5DR	L35 5DR	53.420469	-2.784954	347931	391806
WA7 2DA	WA7 2DA	53.323266	-2.694681	353825	380930
L13 4AW	L13 4AW	53.407566	-2.915589	339231	390474
L31 1HW	L31 1HW	53.518669	-2.915374	339404	402834
PR8 6PL	PR8 6PL	53.640182	-2.983572	335069	416411
L9 1EP	L9 1EP	53.451064	-2.969018	335745	395360
L9 7BB	L9 7BB	53.467708	-2.933303	338141	397180
BB7 9PE	BB7 9PE	53.829706	-2.423673	372212	437131
L14 3PJ	L14 3PJ	53.410784	-2.895349	340581	390815
L19 5NG	L19 5NG	53.356366	-2.894132	340586	384760
L15 2HE	L15 2HE	53.39158	-2.936659	337742	388742
L8 7LF	L8 7LF	53.395563	-2.969396	335636	389186
PR4 3HA	PR4 3HA	53.792197	-2.87956	342155	433235
BB2 3HH	BB2 3HH	53.73556	-2.462716	369574	426674
PR7 1PP	PR7 1PP	53.665775	-2.636599	358034	418997
PR2 9HT	PR2 9HT	53.791521	-2.706842	353532	433031
PR3 2JH	PR3 2JH	53.817666	-2.654728	356992	435907
L39 2AZ	L39 2AZ	53.564616	-2.871252	342392	407909
FY4 4XQ	FY4 4XQ	53.796488	-2.985407	335189	433804
LA3 2SL	LA3 2SL	54.035949	-2.891582	341704	460363
LA1 4JJ	LA1 4JJ	54.03258	-2.804651	347393	459920
LA14 1NB	LA14 1NB	54.116196	-3.233729	319452	469628
PR5 6YA	PR5 6YA	53.737606	-2.655804	356839	427002
BB1 3BL	BB1 3BL	53.751593	-2.466955	369306	428458
BB2 1NT	BB2 1NT	53.743496	-2.492051	367645	427570
LA9 7RG	LA9 7RG	54.306116	-2.731605	352493	490303
LA14 4LF	LA14 4LF	54.136395	-3.207899	321179	471847
E9 6SR	E9 6SR	51.550634	-0.046099	535570	185336
E7 8QP	E7 8QP	51.540929	0.043312	541797	184426
LU4 9WT	LU4 9WT	51.897021	-0.464115	505778	223167
LU5 5BF	LU5 5BF	51.898363	-0.526164	501504	223227
LU4 0FB	LU4 0FB	51.897411	-0.474726	505047	223195
E13 8SH	E13 8SH	51.523002	0.037335	541438	182421
E9 5TD	E9 5TD	51.548067	-0.037672	536160	185066
E14 4DG	not found	0	0	0	0
E15 4ES	E15 4ES	51.541412	0.010023	539489	184416
N4 2ES	N4 2ES	51.56882	-0.094943	532131	187269
E7 8QP	E7 8QP	51.540929	0.043312	541797	184426
LU5 5BF	LU5 5BF	51.898363	-0.526164	501504	223227
MK40 2NT	MK40 2NT	52.141696	-0.459651	505507	250384
AL3 5JF	AL3 5JF	51.755586	-0.34391	514406	207619
SG5 1JN	SG5 1JN	51.949849	-0.279727	518324	229325
WD5 0HT	WD5 0HT	51.703252	-0.402543	510485	201708
AL4 0TZ	AL4 0TZ	51.74851	-0.293683	517891	206912
HP3 8BL	HP3 8BL	51.746408	-0.453098	506890	206432
CM23 3LB	not found	0	0	0	0
WD17 3XE	WD17 3XE	51.659129	-0.405266	510404	196797
SG13 7HX	SG13 7HX	51.799856	-0.05952	533903	213026
WD6 1WA	WD6 1WA	51.659614	-0.268484	519865	197067
WD7 9HQ	WD7 9HQ	51.702199	-0.305562	517189	201742
HP1 1LD	HP1 1LD	51.755076	-0.472318	505543	207368
WD7 9HQ	WD7 9HQ	51.702199	-0.305562	517189	201742
WD7 9HQ	WD7 9HQ	51.702199	-0.305562	517189	201742
HP3 9JW	HP3 9JW	51.747382	-0.452551	506927	206542
AL5 4TA	AL5 4TA	51.819052	-0.352959	513622	214663
WD5 0HT	WD5 0HT	51.703252	-0.402543	510485	201708
SG1 4YS	SG1 4YS	51.928351	-0.214009	522899	227043
SG1 4YS	SG1 4YS	51.928351	-0.214009	522899	227043
SG5 1HF	SG5 1HF	51.950465	-0.283031	518097	229389
SG5 2EN	SG5 2EN	51.946596	-0.294557	517315	228940
SG1 4AB	SG1 4AB	51.924611	-0.212726	522999	226630
AL7 4HQ	AL7 4HQ	51.783371	-0.188611	525046	210963
WD7 9HQ	WD7 9HQ	51.702199	-0.305562	517189	201742
AL3 5TL	AL3 5TL	51.761931	-0.34562	514272	208322
NR13 5EW	NR13 5EW	52.646496	1.409584	630751	310875
SG8 7DD	SG8 7DD	52.052534	-0.020718	535814	241198
CM7 2YN	CM7 2YN	51.886887	0.536178	574635	223964
CO3 4DB	CO3 4DB	51.891022	0.855361	596579	225237
AL3 4AU	AL3 4AU	51.745637	-0.354515	513699	206496
WD18 0JL	WD18 0JL	51.656295	-0.401601	510666	196488
AL8 6JE	not found	0	0	0	0
WD7 9HQ	WD7 9HQ	51.702199	-0.305562	517189	201742
AL10 8YE	AL10 8YE	51.766985	-0.216688	523154	209093
WD7 9HQ	WD7 9HQ	51.702199	-0.305562	517189	201742
CM17 9NA	CM17 9NA	51.771411	0.128977	546990	210225
BS2 9RU	BS2 9RU	51.466587	-2.575506	360119	174337
EX39 3AG	EX39 3AG	51.017812	-4.212783	244891	126602
EX2 5AG	EX2 5AG	50.714782	-3.504168	293904	91653
EX31 4JB	EX31 4JB	51.092169	-4.050431	256506	134540
TQ3 2DW	TQ3 2DW	50.449075	-3.554532	289728	62181
TQ2 5RS	TQ2 5RS	50.469071	-3.535967	291092	64377
EX2 9JD	EX2 9JD	50.705328	-3.542287	291190	90656
EX6 8AB	EX6 8AB	50.681115	-3.506106	293690	87911
EX2 4TL	EX2 4TL	50.720943	-3.515344	293128	92353
EX16 6NT	EX16 6NT	50.909404	-3.492967	295131	113277
EX8 4DD	EX8 4DD	50.631362	-3.391975	301649	82221
TQ2 7AA	TQ2 7AA	50.482316	-3.553804	289857	65876
EX2 5AF	EX2 5AF	50.715395	-3.506298	293754	91723
EX7 0NR	EX7 0NR	50.599669	-3.468178	296190	78801
EX14 2DE	EX14 2DE	50.794926	-3.186577	316467	100156
EX2 5SN	EX2 5SN	50.714769	-3.503091	293980	91650
EX1 3PQ	EX1 3PQ	50.73179	-3.482394	295478	93512
EX2 9HS	EX2 9HS	50.712399	-3.549433	290703	91454
EX2 4NU	EX2 4NU	50.718023	-3.514982	293148	92029
EX2 5AG	EX2 5AG	50.714782	-3.504168	293904	91653
EX31 1QL	EX31 1QL	51.091227	-4.055902	256120	134446
RG12 7EP	not found	0	0	0	0
SL2 5BX	SL2 5BX	51.520082	-0.597729	497390	181061
RG18 3AS	RG18 3AS	51.406375	-1.291779	449358	167721
RG1 5LR	RG1 5LR	51.450745	-0.955523	472676	172935
RG40 1XJ	RG40 1XJ	51.410524	-0.831575	481360	168592
SL6 1LD	SL6 1LD	51.522297	-0.722108	488755	181149
BN3 4AG	BN3 4AG	50.830147	-0.184248	527971	104972
BN3 5PA	BN3 5PA	50.830777	-0.184863	527926	105041
BN3 7HY	BN3 7HY	50.842041	-0.189766	527550	106285
BN11 2ET	BN11 2ET	50.812943	-0.357769	515794	102773
PO19 6GU	PO19 6GU	50.846365	-0.770268	486672	105925
PO19 6GS	PO19 6GS	50.84668	-0.771155	486609	105959
PO19 6WD	PO19 6WD	50.850479	-0.772357	486441	106135
BN13 3EP	BN13 3EP	50.84121	-0.411162	511965	105834
BN13 3BW	not found	0	0	0	0
BN21 2UD	BN21 2UD	50.786969	0.271108	560184	101058
BN27 4EP	BN27 4EP	50.890082	0.263564	559298	112505
BN27 4HU	BN27 4HU	50.881826	0.275547	560170	111615
TN37 7PT	TN37 7PT	50.88769	0.561978	580294	112927
TN37 7PT	TN37 7PT	50.88769	0.561978	580294	112927
TN22 5AW	TN22 5AW	50.96595	0.105639	547952	120614
RH11 7SE	RH11 7SE	51.13084	-0.191546	526637	138395
RH12 4HN	not found	0	0	0	0
RH16 4NQ	RH16 4NQ	50.991202	-0.093785	533877	123041
DL6 2FF	DL6 2FF	54.348329	-1.434461	436860	494900
TS4 3AF	TS4 3AF	54.555732	-1.217681	450695	518112
	not found	0	0	0	0
DH3 3JX	DH3 3JX	54.847382	-1.574431	427425	550369
DL14 6AE	DL14 6AE	54.654838	-1.680756	420695	528907
DH1 5RD	DH1 5RD	54.800429	-1.612241	425026	545130
DL14 6QN	DL14 6QN	54.647143	-1.690006	420102	528048
DL3 6HX	DL3 6HX	54.530374	-1.563733	428331	515098
YO12 7SN	YO12 7SN	54.284736	-0.404516	503966	488850
YO31 8TA	YO31 8TA	53.976566	-1.077403	460609	453781
SR8 3DY	SR8 3DY	54.786016	-1.346462	442127	543653
YO17 7NG	YO17 7NG	54.137245	-0.806547	478071	471925
TS17 8QW	TS17 8QW	54.543157	-1.30331	445170	516656
TS5 4EE	TS5 4EE	54.562124	-1.25715	448134	518797
YO12 6DN	YO12 6DN	54.296061	-0.424989	502604	490082
DL2 2TS	DL2 2TS	54.543494	-1.591147	426549	516546
TS24 8LN	TS24 8LN	54.693266	-1.21234	450868	533421
DL5 4PE	DL5 4PE	54.629869	-1.581815	427095	526162
TS10 5RT	TS10 5RT	54.592599	-1.08634	459135	522318
	not found	0	0	0	0
CA1 3SX	CA1 3SX	54.874932	-2.883741	343390	553709
TS5 4EE	TS5 4EE	54.562124	-1.25715	448134	518797
CA28 8JG	CA28 8JG	54.530059	-3.562598	298977	516098
DH5 8NB	DH5 8NB	54.838552	-1.468087	434261	549433
NE8 1QE	NE8 1QE	54.956935	-1.6093	425118	562547
NE61 3BP	NE61 3BP	55.184911	-1.711886	418444	587885
NE42 5NT	not found	0	0	0	0
NE61 2NU	NE61 2NU	55.178558	-1.682805	420299	587186
NE3 3XT	NE3 3XT	55.006488	-1.6331	423565	568053
NE1 4LP	NE1 4LP	54.98022	-1.618869	424492	565134
NE4 6BE	NE4 6BE	54.976238	-1.644546	422850	564683
SR5 1NB	SR5 1NB	54.924547	-1.386785	439399	559045
NE6 4QD	NE6 4QD	54.989373	-1.56163	428149	566174
NE31 2TH	NE31 2TH	54.966918	-1.521465	430736	563692
SR2 0NB	SR2 0NB	54.863934	-1.36932	440579	552310
CH2 1BQ	CH2 1BQ	53.211544	-2.898825	340071	368653
SK10 3SZ	not found	0	0	0	0
SK11 8QA	SK11 8QA	53.259377	-2.145322	390403	373607
CH63 4JY	CH63 4JY	53.332283	-3.025848	331781	382197
SK10 3BL	SK10 3BL	53.262321	-2.141074	390687	373934
SK10 4UJ	SK10 4UJ	53.286315	-2.265667	382386	376627
CH2 1UL	CH2 1UL	53.2088	-2.897884	340130	368347
CH2 1BQ	CH2 1BQ	53.211544	-2.898825	340071	368653
S60 2UD	S60 2UD	53.413972	-1.34288	443775	390997
DN16 2JX	DN16 2JX	53.566985	-0.638575	490262	408681
WF8  1QW	not found	0	0	0	0
WF9 4LX	WF9 4LX	53.608738	-1.351348	443015	412660
HD9 6LL	HD9 6LL	53.606515	-1.783543	414420	412239
HX3 0PW	HX3 0PW	53.704821	-1.857509	409504	423164
HX1 1YR	HX1 1YR	53.724868	-1.862959	409140	425392
HX5 0QF	HX5 0QF	53.681685	-1.849638	410029	420591
WF13 4LL	WF13 4LL	53.694943	-1.645031	423536	422114
HD1 3LT	HD1 3LT	53.640245	-1.787001	414180	415991
S72 8UA	S72 8UA	53.57974	-1.415757	438780	409397
S71 5RG	S71 5RG	53.557503	-1.440249	437178	406908
S73 8QH	S73 8QH	53.523214	-1.412507	439047	403110
WF13 4HS	WF13 4HS	53.702267	-1.65188	423080	422925
WF1 2TE	WF1 2TE	53.682538	-1.502922	432929	420790
DE22 3LZ	DE22 3LZ	52.91807	-1.512351	432886	335737
DE22 3NE	DE22 3NE	52.910425	-1.513523	432813	334886
B24 9SA	B24 9SA	52.517467	-1.834649	411317	291076
B18 5SD	B18 5SD	52.492848	-1.929888	404857	288327
B93 0QA	B93 0QA	52.379799	-1.744762	417471	275782
B23 6DJ	B23 6DJ	52.523882	-1.857329	409777	291788
B23 6DJ	B23 6DJ	52.523882	-1.857329	409777	291788
B23 6AL	B23 6AL	52.519439	-1.855192	409923	291294
B13 9RY	B13 9RY	52.441329	-1.883693	408003	282602
B92 7JQ	B92 7JQ	52.438336	-1.808061	413145	282280
B23 6AL	B23 6AL	52.519439	-1.855192	409923	291294
B31 5HE	B31 5HE	52.4009	-1.995568	400398	278097
B10 9JH	B10 9JH	52.472895	-1.834788	411319	286118
B45 9PL	B45 9PL	52.396373	-2.008994	399485	277595
B92 8PW	B92 8PW	52.442703	-1.78571	414663	282775
B37 7JB	B37 7JB	52.469562	-1.739254	417810	285768
B18 5SD	B18 5SD	52.492848	-1.929888	404857	288327
B10 9JH	B10 9JH	52.472895	-1.834788	411319	286118
B37 7RW	B37 7RW	52.471602	-1.739242	417810	285995
B23 6DW	B23 6DW	52.52317	-1.855828	409879	291709
B45 9BE	B45 9BE	52.400185	-2.008333	399530	278019
B23 6DJ	B23 6DJ	52.523882	-1.857329	409777	291788
B31 1XH	B31 1XH	52.433806	-1.979187	401512	281759
B10 0PG	B10 0PG	52.470789	-1.865818	409212	285881
B13 8QY	B13 8QY	52.440919	-1.897096	407092	282555
B14 4AP	B14 4AP	52.419279	-1.877399	408435	280150
B93 0QA	B93 0QA	52.379799	-1.744762	417471	275782
B23 6AL	B23 6AL	52.519439	-1.855192	409923	291294
B1 3RB	B1 3RB	52.484114	-1.917317	405712	287358
B23 6AL	B23 6AL	52.519439	-1.855192	409923	291294
B19 1BP	B19 1BP	52.501203	-1.920535	405491	289257
B11 4HL	B11 4HL	52.448963	-1.867473	409104	283453
B15 2FG	B15 2FG	52.448906	-1.942587	403999	283440
B15 2SY	B15 2SY	52.447916	-1.940779	404122	283330
B13 8JL	B13 8JL	52.445923	-1.892891	407377	283112
B9 5PU	B9 5PU	52.475709	-1.839082	411027	286432
B24 9SA	B24 9SA	52.517467	-1.834649	411317	291076
M25 3BL	M25 3BL	53.536749	-2.291465	380780	404495
M28 0FE	M28 0FE	53.527843	-2.422823	372068	403546
M6 8HD	M6 8HD	53.487545	-2.323424	378637	399030
M30 9HF	M30 9HF	53.489006	-2.341009	377471	399198
BL4 0JR	BL4 0JR	53.553957	-2.429894	371617	406456
M41 5SL	M41 5SL	53.45406	-2.370681	375482	395320
M25 3BL	M25 3BL	53.536749	-2.291465	380780	404495
M14 5BY	M14 5BY	53.458264	-2.218728	385574	395746
M23 9LT	M23 9LT	53.387922	-2.293183	380598	387938
M8 5RB	M8 5RB	53.517882	-2.229502	384880	402381
WN7 1YN	WN7 1YN	53.501414	-2.523117	365398	400650
RH1 4AU	RH1 4AU	51.236116	-0.16069	528503	150155
KT16 9AU	KT16 9AU	51.390096	-0.50575	504065	166732
GU7 1QU	GU7 1QU	51.184055	-0.617836	496699	143666
GU2 7LX	GU2 7LX	51.235093	-0.584465	498922	149386
KT16 0QA	KT16 0QA	51.375974	-0.531684	502292	165125
GU16 7ER	GU16 7ER	51.31664	-0.748264	487331	158247
KT16 9FG	KT16 9FG	51.389653	-0.507565	503941	166680
KT17 4QJ	KT17 4QJ	51.334202	-0.261525	521204	160891
KT19 8PB	KT19 8PB	51.341707	-0.301654	518391	161660
RH4 1QJ	RH4 1QJ	51.231642	-0.337078	516201	149364
CR7 6AD	CR7 6AD	51.389433	-0.113733	531341	167287
KT19 8QJ	KT19 8QJ	51.346879	-0.274744	520250	162279
GU11 1AY	GU11 1AY	51.254364	-0.76565	486237	151301
RH1 1TA	RH1 1TA	51.239641	-0.171595	527732	150528
CT1 1AZ	CT1 1AZ	51.276859	1.106171	616739	157662
ME19 5HT	ME19 5HT	51.301147	0.409966	568100	158538
DA2 6PB	DA2 6PB	51.446359	0.241649	555872	174313
DA2 8DA	not found	0	0	0	0
ME7 5PA	ME7 5PA	51.379862	0.542062	577004	167601
ME16 9PH	ME16 9PH	51.273212	0.485699	573484	155608
CT13 0JU	CT13 0JU	51.24345	1.303846	630690	154550
CT9 4BF	CT9 4BF	51.376442	1.386606	635782	169598
CV11 5HX	CV11 5HX	52.526988	-1.477708	435531	292252
CV6 6EJ	CV6 6EJ	52.4498	-1.481962	435304	283664
CV2 2TE	CV2 2TE	52.422449	-1.445541	437802	280638
CV34 5QW	CV34 5QW	52.288853	-1.5944	427762	265711
CV34 5XN	CV34 5XN	52.293609	-1.585835	428344	266245
CV34 5BW	CV34 5BW	52.289965	-1.583203	428525	265839
B37 7HL	B37 7HL	52.4712	-1.744102	417480	285949
BD9 6DP	BD9 6DP	53.809728	-1.805354	412915	434844
N5 1PB	N5 1PB	51.551432	-0.107788	531289	185312
NW3 5BY	NW3 5BY	51.547952	-0.174377	526684	184808
N5 2AR	N5 2AR	51.55195	-0.093888	532253	185395
N19 3TA	N19 3TA	51.57221	-0.127371	529874	187588
N19 5JG	N19 5JG	51.566621	-0.142333	528853	186940
NW1 9HJ	NW1 9HJ	51.544347	-0.13502	529423	184476
S35 0JW	S35 0JW	53.421117	-1.52033	431975	391698
S35 0JW	S35 0JW	53.421117	-1.52033	431975	391698
B70 8NL	B70 8NL	52.519221	-1.998748	400182	291260
B71 2BG	B71 2BG	52.537974	-1.991995	400640	293346
B71 4NH	B71 4NH	52.527815	-1.98644	401017	292216
WV4 5HN	WV4 5HN	52.558669	-2.159187	389305	295660
B69 2DG	B69 2DG	52.50221	-2.021214	398657	289368
WV1 2ND	WV1 2ND	52.586559	-2.09524	393644	298753
WV10 9TH	WV10 9TH	52.609747	-2.115041	392307	301336
WS3 2JJ	WS3 2JJ	52.613749	-2.004845	399769	301775
WS2 9XH	WS2 9XH	52.582148	-2.002431	399932	298258
DY1 2LZ	DY1 2LZ	52.502901	-2.116853	392165	289451
DY5 1RG	DY5 1RG	52.47992	-2.119236	391999	286895
DY8 4DG	DY8 4DG	52.466539	-2.150855	389848	285409
PO30 1BA	PO30 1BA	50.69918	-1.297331	449721	89074
CO15 1LH	CO15 1LH	51.786083	1.148173	617230	214402
LS15 8ZB	LS15 8ZB	53.796822	-1.426439	437878	433543
NG7 2TU	NG7 2TU	52.951902	-1.18381	454966	339618
NG7 2UH	NG7 2UH	52.943799	-1.185957	454800	338800
CA28 7QE	CA28 7QE	54.544711	-3.586626	297459	517764
PR5 6GD	PR5 6GD	53.735475	-2.66218	356416	426767
LU7 2TD	LU7 2TD	51.91736	-0.671771	491449	225148
BN2 3EW	BN2 3EW	50.831176	-0.114497	532878	105210
S61 1AJ	S61 1AJ	53.430336	-1.377275	441473	392797
DE7 8LN	DE7 8LN	52.988092	-1.320818	445691	343633
WA14 5JF	WA14 5JF	53.402361	-2.360755	376112	389565
M33 7FT	M33 7FT	53.426816	-2.324212	378554	392274
BL3 2RX	BL3 2RX	53.567013	-2.4184	372387	407904
BL3 2RR	BL3 2RR	53.566241	-2.418015	372412	407818
BD20 6TD	BD20 6TD	53.897957	-1.962728	402547	444642
